date,symbol,open,high,low,close,volume
2023-01-02,AAA,101.68,102.18,100.16,101.17,1000000
2023-01-03,AAA,101.62,102.13,100.11,101.12,1000000
2023-01-04,AAA,101.45,101.95,99.94,100.94,1000000
2023-01-05,AAA,99.96,100.45,98.46,99.46,1000000
2023-01-06,AAA,100.07,100.57,98.58,99.57,1000000
2023-01-09,AAA,100.0,100.5,98.51,99.5,1000000
2023-01-10,AAA,99.8,100.29,98.31,99.3,1000000
2023-01-11,AAA,100.11,100.6,98.61,99.61,1000000
2023-01-12,AAA,100.48,100.98,98.98,99.98,1000000
2023-01-13,AAA,99.96,100.45,98.47,99.46,1000000
2023-01-16,AAA,99.55,100.04,98.06,99.05,1000000
2023-01-17,AAA,99.38,99.88,97.9,98.89,1000000
2023-01-18,AAA,99.91,100.41,98.42,99.41,1000000
2023-01-19,AAA,100.37,100.87,98.87,99.87,1000000
2023-01-20,AAA,99.7,100.2,98.21,99.21,1000000
2023-01-23,AAA,99.15,99.65,97.67,98.66,1000000
2023-01-24,AAA,99.71,100.21,98.22,99.21,1000000
2023-01-25,AAA,100.77,101.27,99.27,100.27,1000000
2023-01-26,AAA,100.87,101.37,99.37,100.37,1000000
2023-01-27,AAA,100.58,101.08,99.08,100.08,1000000
2023-01-30,AAA,101.36,101.87,99.85,100.86,1000000
2023-01-31,AAA,101.3,101.8,99.78,100.79,1000000
2023-02-01,AAA,101.86,102.37,100.34,101.35,1000000
2023-02-02,AAA,102.93,103.44,101.39,102.42,1000000
2023-02-03,AAA,103.44,103.95,101.9,102.93,1000000
2023-02-06,AAA,103.61,104.13,102.06,103.09,1000000
2023-02-07,AAA,104.19,104.71,102.63,103.67,1000000
2023-02-08,AAA,103.91,104.43,102.36,103.4,1000000
2023-02-09,AAA,103.93,104.44,102.38,103.41,1000000
2023-02-10,AAA,103.69,104.21,102.15,103.18,1000000
2023-02-13,AAA,103.69,104.21,102.14,103.17,1000000
2023-02-14,AAA,103.51,104.03,101.97,103.0,1000000
2023-02-15,AAA,103.52,104.04,101.98,103.01,1000000
2023-02-16,AAA,103.41,103.92,101.87,102.89,1000000
2023-02-17,AAA,103.59,104.1,102.04,103.07,1000000
2023-02-20,AAA,103.75,104.27,102.2,103.24,1000000
2023-02-21,AAA,104.06,104.58,102.51,103.54,1000000
2023-02-22,AAA,105.06,105.58,103.49,104.54,1000000
2023-02-23,AAA,104.21,104.73,102.66,103.69,1000000
2023-02-24,AAA,105.15,105.67,103.58,104.62,1000000
2023-02-27,AAA,105.12,105.65,103.56,104.6,1000000
2023-02-28,AAA,104.47,104.99,102.91,103.95,1000000
2023-03-01,AAA,104.49,105.01,102.93,103.97,1000000
2023-03-02,AAA,104.67,105.19,103.11,104.15,1000000
2023-03-03,AAA,105.47,105.99,103.9,104.94,1000000
2023-03-06,AAA,104.92,105.45,103.36,104.4,1000000
2023-03-07,AAA,105.19,105.71,103.62,104.66,1000000
2023-03-08,AAA,105.39,105.91,103.81,104.86,1000000
2023-03-09,AAA,104.45,104.97,102.89,103.93,1000000
2023-03-10,AAA,103.83,104.35,102.28,103.31,1000000
2023-03-13,AAA,104.33,104.85,102.77,103.81,1000000
2023-03-14,AAA,104.89,105.41,103.32,104.37,1000000
2023-03-15,AAA,105.7,106.23,104.12,105.17,1000000
2023-03-16,AAA,106.17,106.69,104.58,105.64,1000000
2023-03-17,AAA,106.55,107.08,104.96,106.02,1000000
2023-03-20,AAA,106.75,107.28,105.16,106.22,1000000
2023-03-21,AAA,107.65,108.19,106.05,107.12,1000000
2023-03-22,AAA,107.24,107.77,105.64,106.71,1000000
2023-03-23,AAA,107.28,107.81,105.68,106.74,1000000
2023-03-24,AAA,107.65,108.19,106.05,107.12,1000000
2023-03-27,AAA,106.76,107.29,105.17,106.23,1000000
2023-03-28,AAA,107.73,108.27,106.12,107.2,1000000
2023-03-29,AAA,107.35,107.88,105.75,106.81,1000000
2023-03-30,AAA,107.43,107.97,105.83,106.9,1000000
2023-03-31,AAA,108.95,109.49,107.32,108.41,1000000
2023-04-03,AAA,108.54,109.08,106.92,108.0,1000000
2023-04-04,AAA,108.32,108.86,106.71,107.78,1000000
2023-04-05,AAA,109.47,110.01,107.83,108.92,1000000
2023-04-06,AAA,108.89,109.43,107.27,108.35,1000000
2023-04-07,AAA,108.74,109.28,107.12,108.2,1000000
2023-04-10,AAA,109.21,109.75,107.58,108.66,1000000
2023-04-11,AAA,109.64,110.18,108.0,109.09,1000000
2023-04-12,AAA,110.16,110.71,108.51,109.61,1000000
2023-04-13,AAA,110.53,111.08,108.88,109.98,1000000
2023-04-14,AAA,111.56,112.11,109.89,111.0,1000000
2023-04-17,AAA,112.37,112.93,110.7,111.81,1000000
2023-04-18,AAA,112.91,113.47,111.22,112.35,1000000
2023-04-19,AAA,112.58,113.14,110.9,112.02,1000000
2023-04-20,AAA,112.24,112.79,110.56,111.68,1000000
2023-04-21,AAA,111.09,111.64,109.43,110.53,1000000
2023-04-24,AAA,111.68,112.23,110.01,111.12,1000000
2023-04-25,AAA,110.59,111.14,108.94,110.04,1000000
2023-04-26,AAA,111.31,111.86,109.64,110.75,1000000
2023-04-27,AAA,112.67,113.23,110.99,112.11,1000000
2023-04-28,AAA,112.09,112.65,110.42,111.53,1000000
2023-05-01,AAA,111.76,112.32,110.1,111.21,1000000
2023-05-02,AAA,111.58,112.13,109.91,111.02,1000000
2023-05-03,AAA,112.27,112.83,110.59,111.71,1000000
2023-05-04,AAA,111.82,112.38,110.15,111.26,1000000
2023-05-05,AAA,111.87,112.42,110.2,111.31,1000000
2023-05-08,AAA,111.65,112.21,109.98,111.1,1000000
2023-05-09,AAA,111.62,112.17,109.95,111.06,1000000
2023-05-10,AAA,112.62,113.18,110.93,112.06,1000000
2023-05-11,AAA,112.1,112.66,110.43,111.54,1000000
2023-05-12,AAA,112.28,112.84,110.61,111.72,1000000
2023-05-15,AAA,112.6,113.16,110.92,112.04,1000000
2023-05-16,AAA,113.31,113.88,111.62,112.75,1000000
2023-05-17,AAA,112.59,113.15,110.91,112.03,1000000
2023-05-18,AAA,113.48,114.04,111.79,112.92,1000000
2023-05-19,AAA,113.91,114.48,112.21,113.35,1000000
2023-05-22,AAA,114.65,115.22,112.93,114.08,1000000
2023-05-23,AAA,114.83,115.4,113.12,114.26,1000000
2023-05-24,AAA,113.84,114.41,112.14,113.28,1000000
2023-05-25,AAA,113.54,114.1,111.84,112.97,1000000
2023-05-26,AAA,114.23,114.8,112.52,113.66,1000000
2023-05-29,AAA,114.39,114.96,112.68,113.82,1000000
2023-05-30,AAA,114.5,115.06,112.79,113.93,1000000
2023-05-31,AAA,115.86,116.44,114.13,115.29,1000000
2023-06-01,AAA,117.53,118.12,115.78,116.95,1000000
2023-06-02,AAA,117.65,118.23,115.89,117.06,1000000
2023-06-05,AAA,119.15,119.75,117.38,118.56,1000000
2023-06-06,AAA,117.87,118.46,116.11,117.28,1000000
2023-06-07,AAA,116.56,117.14,114.82,115.98,1000000
2023-06-08,AAA,117.31,117.89,115.56,116.73,1000000
2023-06-09,AAA,117.27,117.85,115.52,116.68,1000000
2023-06-12,AAA,117.81,118.4,116.06,117.23,1000000
2023-06-13,AAA,118.32,118.91,116.55,117.73,1000000
2023-06-14,AAA,118.4,118.99,116.63,117.81,1000000
2023-06-15,AAA,119.03,119.62,117.25,118.43,1000000
2023-06-16,AAA,119.28,119.87,117.5,118.68,1000000
2023-06-19,AAA,118.32,118.91,116.56,117.73,1000000
2023-06-20,AAA,118.62,119.21,116.85,118.03,1000000
2023-06-21,AAA,118.9,119.49,117.12,118.3,1000000
2023-06-22,AAA,120.35,120.94,118.55,119.75,1000000
2023-06-23,AAA,119.67,120.27,117.89,119.08,1000000
2023-06-26,AAA,119.83,120.43,118.04,119.23,1000000
2023-06-27,AAA,119.67,120.26,117.88,119.07,1000000
2023-06-28,AAA,119.72,120.31,117.93,119.12,1000000
2023-06-29,AAA,121.05,121.65,119.25,120.45,1000000
2023-06-30,AAA,121.47,122.08,119.66,120.87,1000000
2023-07-03,AAA,121.28,121.88,119.47,120.68,1000000
2023-07-04,AAA,121.54,122.14,119.72,120.93,1000000
2023-07-05,AAA,122.24,122.85,120.42,121.63,1000000
2023-07-06,AAA,121.66,122.26,119.84,121.05,1000000
2023-07-07,AAA,121.61,122.22,119.8,121.01,1000000
2023-07-10,AAA,122.88,123.5,121.05,122.27,1000000
2023-07-11,AAA,123.66,124.28,121.82,123.05,1000000
2023-07-12,AAA,123.78,124.39,121.93,123.16,1000000
2023-07-13,AAA,123.57,124.19,121.73,122.96,1000000
2023-07-14,AAA,123.61,124.22,121.76,122.99,1000000
2023-07-17,AAA,122.6,123.21,120.77,121.99,1000000
2023-07-18,AAA,123.44,124.06,121.6,122.83,1000000
2023-07-19,AAA,123.85,124.46,122.0,123.23,1000000
2023-07-20,AAA,124.1,124.71,122.24,123.48,1000000
2023-07-21,AAA,123.28,123.89,121.44,122.67,1000000
2023-07-24,AAA,122.9,123.51,121.06,122.29,1000000
2023-07-25,AAA,123.43,124.04,121.58,122.81,1000000
2023-07-26,AAA,123.76,124.38,121.92,123.15,1000000
2023-07-27,AAA,123.54,124.16,121.7,122.93,1000000
2023-07-28,AAA,124.07,124.68,122.22,123.45,1000000
2023-07-31,AAA,124.91,125.54,123.05,124.29,1000000
2023-08-01,AAA,124.56,125.18,122.7,123.94,1000000
2023-08-02,AAA,124.31,124.93,122.46,123.69,1000000
2023-08-03,AAA,123.81,124.43,121.96,123.2,1000000
2023-08-04,AAA,123.1,123.71,121.26,122.49,1000000
2023-08-07,AAA,123.84,124.45,121.99,123.22,1000000
2023-08-08,AAA,124.37,124.98,122.51,123.75,1000000
2023-08-09,AAA,124.77,125.39,122.91,124.15,1000000
2023-08-10,AAA,124.04,124.66,122.19,123.42,1000000
2023-08-11,AAA,123.41,124.02,121.57,122.8,1000000
2023-08-14,AAA,123.51,124.12,121.66,122.89,1000000
2023-08-15,AAA,123.35,123.96,121.51,122.74,1000000
2023-08-16,AAA,123.59,124.2,121.74,122.97,1000000
2023-08-17,AAA,123.22,123.83,121.38,122.6,1000000
2023-08-18,AAA,123.85,124.46,122.0,123.23,1000000
2023-08-21,AAA,125.33,125.96,123.46,124.71,1000000
2023-08-22,AAA,126.65,127.28,124.76,126.02,1000000
2023-08-23,AAA,128.02,128.66,126.11,127.39,1000000
2023-08-24,AAA,128.23,128.87,126.32,127.59,1000000
2023-08-25,AAA,129.09,129.74,127.17,128.45,1000000
2023-08-28,AAA,128.96,129.6,127.03,128.32,1000000
2023-08-29,AAA,129.82,130.47,127.89,129.18,1000000
2023-08-30,AAA,129.68,130.33,127.75,129.04,1000000
2023-08-31,AAA,129.46,130.1,127.53,128.82,1000000
2023-09-01,AAA,129.11,129.76,127.19,128.47,1000000
2023-09-04,AAA,129.81,130.46,127.87,129.17,1000000
2023-09-05,AAA,130.18,130.83,128.24,129.53,1000000
2023-09-06,AAA,130.48,131.13,128.54,129.83,1000000
2023-09-07,AAA,129.75,130.39,127.81,129.1,1000000
2023-09-08,AAA,130.01,130.66,128.07,129.37,1000000
2023-09-11,AAA,129.05,129.69,127.12,128.4,1000000
2023-09-12,AAA,130.34,130.99,128.4,129.7,1000000
2023-09-13,AAA,130.4,131.05,128.45,129.75,1000000
2023-09-14,AAA,130.71,131.36,128.76,130.06,1000000
2023-09-15,AAA,130.78,131.43,128.83,130.13,1000000
2023-09-18,AAA,129.69,130.34,127.76,129.05,1000000
2023-09-19,AAA,128.78,129.42,126.86,128.14,1000000
2023-09-20,AAA,128.92,129.56,126.99,128.27,1000000
2023-09-21,AAA,130.22,130.87,128.28,129.58,1000000
2023-09-22,AAA,129.51,130.15,127.58,128.87,1000000
2023-09-25,AAA,129.12,129.76,127.19,128.47,1000000
2023-09-26,AAA,129.24,129.88,127.31,128.59,1000000
2023-09-27,AAA,128.08,128.72,126.17,127.44,1000000
2023-09-28,AAA,126.93,127.56,125.04,126.3,1000000
2023-09-29,AAA,126.77,127.4,124.88,126.14,1000000
2023-10-02,AAA,126.89,127.52,124.99,126.26,1000000
2023-10-03,AAA,126.74,127.37,124.85,126.11,1000000
2023-10-04,AAA,128.06,128.7,126.15,127.42,1000000
2023-10-05,AAA,128.09,128.73,126.18,127.45,1000000
2023-10-06,AAA,128.52,129.16,126.6,127.88,1000000
2023-10-09,AAA,129.91,130.55,127.97,129.26,1000000
2023-10-10,AAA,131.39,132.04,129.43,130.74,1000000
2023-10-11,AAA,130.29,130.94,128.35,129.65,1000000
2023-10-12,AAA,130.16,130.8,128.21,129.51,1000000
2023-10-13,AAA,131.22,131.87,129.26,130.57,1000000
2023-10-16,AAA,129.92,130.57,127.98,129.28,1000000
2023-10-17,AAA,129.0,129.64,127.07,128.35,1000000
2023-10-18,AAA,127.79,128.42,125.88,127.15,1000000
2023-10-19,AAA,126.54,127.17,124.65,125.91,1000000
2023-10-20,AAA,125.47,126.1,123.6,124.85,1000000
2023-10-23,AAA,125.41,126.03,123.53,124.78,1000000
2023-10-24,AAA,126.16,126.79,124.28,125.53,1000000
2023-10-25,AAA,127.11,127.75,125.22,126.48,1000000
2023-10-26,AAA,126.92,127.55,125.03,126.29,1000000
2023-10-27,AAA,125.22,125.84,123.35,124.59,1000000
2023-10-30,AAA,124.97,125.6,123.11,124.35,1000000
2023-10-31,AAA,124.52,125.14,122.66,123.9,1000000
2023-11-01,AAA,124.58,125.2,122.72,123.96,1000000
2023-11-02,AAA,124.29,124.91,122.43,123.67,1000000
2023-11-03,AAA,122.75,123.36,120.92,122.14,1000000
2023-11-06,AAA,122.86,123.47,121.02,122.25,1000000
2023-11-07,AAA,121.14,121.74,119.33,120.53,1000000
2023-11-08,AAA,120.44,121.04,118.64,119.84,1000000
2023-11-09,AAA,120.47,121.07,118.68,119.87,1000000
2023-11-10,AAA,120.53,121.13,118.74,119.93,1000000
2023-11-13,AAA,121.48,122.08,119.66,120.87,1000000
2023-11-14,AAA,119.56,120.16,117.78,118.97,1000000
2023-11-15,AAA,119.61,120.21,117.83,119.02,1000000
2023-11-16,AAA,119.92,120.51,118.13,119.32,1000000
2023-11-17,AAA,119.49,120.08,117.71,118.9,1000000
2023-11-20,AAA,119.76,120.35,117.97,119.16,1000000
2023-11-21,AAA,118.77,119.36,117.0,118.18,1000000
2023-11-22,AAA,119.05,119.64,117.27,118.46,1000000
2023-11-23,AAA,119.25,119.84,117.47,118.65,1000000
2023-11-24,AAA,118.35,118.94,116.59,117.76,1000000
2023-11-27,AAA,117.69,118.27,115.93,117.1,1000000
2023-11-28,AAA,117.37,117.95,115.62,116.78,1000000
2023-11-29,AAA,116.72,117.3,114.98,116.14,1000000
2023-11-30,AAA,117.26,117.85,115.51,116.68,1000000
2023-12-01,AAA,117.2,117.78,115.45,116.61,1000000
2023-12-04,AAA,117.93,118.52,116.17,117.35,1000000
2023-12-05,AAA,118.58,119.17,116.81,117.99,1000000
2023-12-06,AAA,118.43,119.02,116.66,117.84,1000000
2023-12-07,AAA,118.1,118.69,116.34,117.52,1000000
2023-12-08,AAA,117.24,117.83,115.49,116.66,1000000
2023-12-11,AAA,116.49,117.07,114.75,115.91,1000000
2023-12-12,AAA,115.74,116.32,114.02,115.17,1000000
2023-12-13,AAA,115.8,116.38,114.07,115.22,1000000
2023-12-14,AAA,115.0,115.57,113.29,114.43,1000000
2023-12-15,AAA,114.87,115.44,113.16,114.3,1000000
2023-12-18,AAA,114.82,115.39,113.11,114.25,1000000
2023-12-19,AAA,114.3,114.86,112.59,113.73,1000000
2023-12-20,AAA,113.98,114.55,112.28,113.42,1000000
2023-12-21,AAA,114.79,115.36,113.08,114.22,1000000
2023-12-22,AAA,115.72,116.29,113.99,115.14,1000000
2023-12-25,AAA,114.99,115.56,113.27,114.42,1000000
2023-12-26,AAA,114.67,115.24,112.96,114.1,1000000
2023-12-27,AAA,114.23,114.8,112.53,113.66,1000000
2023-12-28,AAA,113.86,114.43,112.16,113.29,1000000
2023-12-29,AAA,114.73,115.3,113.01,114.15,1000000
2023-01-02,BBB,100.81,101.31,99.31,100.31,1000000
2023-01-03,BBB,101.47,101.98,99.96,100.97,1000000
2023-01-04,BBB,102.46,102.96,100.93,101.95,1000000
2023-01-05,BBB,102.08,102.59,100.56,101.57,1000000
2023-01-06,BBB,101.87,102.37,100.34,101.36,1000000
2023-01-09,BBB,101.79,102.29,100.27,101.28,1000000
2023-01-10,BBB,102.31,102.82,100.79,101.8,1000000
2023-01-11,BBB,102.15,102.66,100.63,101.65,1000000
2023-01-12,BBB,102.45,102.96,100.92,101.94,1000000
2023-01-13,BBB,103.06,103.58,101.53,102.55,1000000
2023-01-16,BBB,103.68,104.2,102.13,103.16,1000000
2023-01-17,BBB,103.85,104.37,102.3,103.34,1000000
2023-01-18,BBB,103.26,103.77,101.72,102.75,1000000
2023-01-19,BBB,102.19,102.7,100.67,101.68,1000000
2023-01-20,BBB,102.78,103.29,101.24,102.27,1000000
2023-01-23,BBB,102.96,103.47,101.42,102.45,1000000
2023-01-24,BBB,102.28,102.78,100.75,101.77,1000000
2023-01-25,BBB,101.86,102.37,100.34,101.36,1000000
2023-01-26,BBB,101.49,101.99,99.97,100.98,1000000
2023-01-27,BBB,100.37,100.86,98.87,99.87,1000000
2023-01-30,BBB,100.42,100.92,98.92,99.92,1000000
2023-01-31,BBB,99.84,100.34,98.35,99.35,1000000
2023-02-01,BBB,99.57,100.06,98.08,99.07,1000000
2023-02-02,BBB,99.91,100.41,98.42,99.41,1000000
2023-02-03,BBB,99.75,100.25,98.26,99.25,1000000
2023-02-06,BBB,99.98,100.47,98.48,99.48,1000000
2023-02-07,BBB,100.13,100.63,98.64,99.63,1000000
2023-02-08,BBB,100.05,100.55,98.56,99.55,1000000
2023-02-09,BBB,99.98,100.48,98.49,99.48,1000000
2023-02-10,BBB,100.99,101.5,99.49,100.49,1000000
2023-02-13,BBB,100.79,101.29,99.29,100.29,1000000
2023-02-14,BBB,101.67,102.18,100.16,101.17,1000000
2023-02-15,BBB,101.01,101.52,99.51,100.51,1000000
2023-02-16,BBB,101.36,101.86,99.84,100.85,1000000
2023-02-17,BBB,101.36,101.86,99.85,100.85,1000000
2023-02-20,BBB,100.81,101.31,99.31,100.31,1000000
2023-02-21,BBB,99.11,99.6,97.63,98.62,1000000
2023-02-22,BBB,99.96,100.46,98.47,99.46,1000000
2023-02-23,BBB,99.17,99.66,97.69,98.67,1000000
2023-02-24,BBB,98.5,98.99,97.03,98.01,1000000
2023-02-27,BBB,98.47,98.96,97.0,97.98,1000000
2023-02-28,BBB,98.41,98.9,96.94,97.92,1000000
2023-03-01,BBB,98.47,98.96,97.01,97.98,1000000
2023-03-02,BBB,98.23,98.72,96.76,97.74,1000000
2023-03-03,BBB,97.24,97.73,95.79,96.76,1000000
2023-03-06,BBB,97.65,98.14,96.2,97.17,1000000
2023-03-07,BBB,97.03,97.51,95.58,96.54,1000000
2023-03-08,BBB,97.06,97.54,95.61,96.58,1000000
2023-03-09,BBB,97.3,97.78,95.84,96.81,1000000
2023-03-10,BBB,97.89,98.38,96.43,97.4,1000000
2023-03-13,BBB,97.66,98.15,96.2,97.18,1000000
2023-03-14,BBB,97.39,97.87,95.93,96.9,1000000
2023-03-15,BBB,97.15,97.64,95.7,96.67,1000000
2023-03-16,BBB,95.98,96.46,94.55,95.5,1000000
2023-03-17,BBB,95.45,95.92,94.02,94.97,1000000
2023-03-20,BBB,94.78,95.25,93.36,94.3,1000000
2023-03-21,BBB,94.03,94.5,92.62,93.56,1000000
2023-03-22,BBB,94.03,94.5,92.62,93.56,1000000
2023-03-23,BBB,93.76,94.22,92.36,93.29,1000000
2023-03-24,BBB,94.56,95.03,93.15,94.09,1000000
2023-03-27,BBB,95.31,95.79,93.89,94.84,1000000
2023-03-28,BBB,94.14,94.61,92.74,93.67,1000000
2023-03-29,BBB,94.12,94.58,92.71,93.65,1000000
2023-03-30,BBB,93.46,93.92,92.06,92.99,1000000
2023-03-31,BBB,93.68,94.14,92.28,93.21,1000000
2023-04-03,BBB,93.67,94.14,92.27,93.2,1000000
2023-04-04,BBB,94.1,94.57,92.7,93.63,1000000
2023-04-05,BBB,94.18,94.65,92.78,93.71,1000000
2023-04-06,BBB,94.52,94.99,93.11,94.05,1000000
2023-04-07,BBB,94.25,94.72,92.85,93.78,1000000
2023-04-10,BBB,92.74,93.2,91.36,92.28,1000000
2023-04-11,BBB,91.99,92.45,90.62,91.53,1000000
2023-04-12,BBB,91.42,91.88,90.06,90.97,1000000
2023-04-13,BBB,91.06,91.52,89.7,90.61,1000000
2023-04-14,BBB,90.42,90.87,89.07,89.97,1000000
2023-04-17,BBB,91.22,91.67,89.85,90.76,1000000
2023-04-18,BBB,91.03,91.49,89.67,90.58,1000000
2023-04-19,BBB,91.65,92.11,90.28,91.19,1000000
2023-04-20,BBB,91.37,91.83,90.01,90.92,1000000
2023-04-21,BBB,92.19,92.65,90.81,91.73,1000000
2023-04-24,BBB,91.43,91.89,90.07,90.98,1000000
2023-04-25,BBB,91.67,92.12,90.3,91.21,1000000
2023-04-26,BBB,90.85,91.3,89.49,90.39,1000000
2023-04-27,BBB,91.0,91.45,89.64,90.54,1000000
2023-04-28,BBB,91.77,92.23,90.4,91.31,1000000
2023-05-01,BBB,90.78,91.23,89.42,90.33,1000000
2023-05-02,BBB,90.21,90.66,88.87,89.76,1000000
2023-05-03,BBB,90.26,90.71,88.91,89.81,1000000
2023-05-04,BBB,90.07,90.51,88.72,89.62,1000000
2023-05-05,BBB,89.24,89.68,87.9,88.79,1000000
2023-05-08,BBB,89.77,90.21,88.43,89.32,1000000
2023-05-09,BBB,89.7,90.15,88.36,89.26,1000000
2023-05-10,BBB,90.31,90.76,88.96,89.86,1000000
2023-05-11,BBB,90.39,90.84,89.04,89.94,1000000
2023-05-12,BBB,89.68,90.12,88.34,89.23,1000000
2023-05-15,BBB,89.33,89.77,87.99,88.88,1000000
2023-05-16,BBB,89.98,90.43,88.64,89.53,1000000
2023-05-17,BBB,89.14,89.58,87.81,88.7,1000000
2023-05-18,BBB,88.8,89.24,87.48,88.36,1000000
2023-05-19,BBB,89.03,89.48,87.71,88.59,1000000
2023-05-22,BBB,89.49,89.93,88.15,89.04,1000000
2023-05-23,BBB,89.84,90.29,88.5,89.4,1000000
2023-05-24,BBB,88.96,89.4,87.63,88.52,1000000
2023-05-25,BBB,89.98,90.43,88.64,89.53,1000000
2023-05-26,BBB,89.8,90.25,88.46,89.36,1000000
2023-05-29,BBB,89.72,90.17,88.38,89.27,1000000
2023-05-30,BBB,89.63,90.07,88.29,89.18,1000000
2023-05-31,BBB,89.41,89.86,88.08,88.97,1000000
2023-06-01,BBB,88.81,89.25,87.48,88.36,1000000
2023-06-02,BBB,88.54,88.98,87.22,88.1,1000000
2023-06-05,BBB,89.16,89.6,87.83,88.71,1000000
2023-06-06,BBB,88.34,88.78,87.02,87.9,1000000
2023-06-07,BBB,86.96,87.39,85.66,86.53,1000000
2023-06-08,BBB,87.15,87.59,85.85,86.72,1000000
2023-06-09,BBB,87.24,87.68,85.94,86.81,1000000
2023-06-12,BBB,87.54,87.97,86.23,87.1,1000000
2023-06-13,BBB,88.36,88.8,87.04,87.92,1000000
2023-06-14,BBB,87.88,88.32,86.57,87.45,1000000
2023-06-15,BBB,87.89,88.33,86.58,87.45,1000000
2023-06-16,BBB,88.07,88.5,86.75,87.63,1000000
2023-06-19,BBB,88.63,89.07,87.31,88.19,1000000
2023-06-20,BBB,89.09,89.53,87.76,88.64,1000000
2023-06-21,BBB,88.55,88.99,87.23,88.11,1000000
2023-06-22,BBB,87.73,88.16,86.42,87.29,1000000
2023-06-23,BBB,87.5,87.93,86.19,87.06,1000000
2023-06-26,BBB,86.56,86.99,85.27,86.13,1000000
2023-06-27,BBB,87.05,87.48,85.75,86.62,1000000
2023-06-28,BBB,86.76,87.19,85.46,86.33,1000000
2023-06-29,BBB,86.49,86.92,85.19,86.05,1000000
2023-06-30,BBB,85.94,86.36,84.65,85.51,1000000
2023-07-03,BBB,86.64,87.07,85.34,86.21,1000000
2023-07-04,BBB,86.7,87.13,85.41,86.27,1000000
2023-07-05,BBB,86.4,86.83,85.11,85.97,1000000
2023-07-06,BBB,86.63,87.06,85.34,86.2,1000000
2023-07-07,BBB,86.5,86.93,85.21,86.07,1000000
2023-07-10,BBB,86.72,87.15,85.42,86.29,1000000
2023-07-11,BBB,87.32,87.75,86.02,86.88,1000000
2023-07-12,BBB,87.09,87.53,85.79,86.66,1000000
2023-07-13,BBB,87.27,87.71,85.97,86.84,1000000
2023-07-14,BBB,87.44,87.87,86.13,87.0,1000000
2023-07-17,BBB,87.94,88.38,86.63,87.51,1000000
2023-07-18,BBB,88.17,88.61,86.85,87.73,1000000
2023-07-19,BBB,88.1,88.54,86.78,87.66,1000000
2023-07-20,BBB,87.67,88.11,86.36,87.23,1000000
2023-07-21,BBB,87.74,88.17,86.43,87.3,1000000
2023-07-24,BBB,87.1,87.53,85.8,86.67,1000000
2023-07-25,BBB,87.35,87.79,86.05,86.92,1000000
2023-07-26,BBB,87.3,87.73,85.99,86.86,1000000
2023-07-27,BBB,87.5,87.93,86.19,87.06,1000000
2023-07-28,BBB,87.14,87.57,85.84,86.7,1000000
2023-07-31,BBB,86.63,87.06,85.34,86.2,1000000
2023-08-01,BBB,86.07,86.5,84.79,85.64,1000000
2023-08-02,BBB,86.56,86.99,85.26,86.12,1000000
2023-08-03,BBB,86.35,86.78,85.07,85.93,1000000
2023-08-04,BBB,86.15,86.58,84.86,85.72,1000000
2023-08-07,BBB,85.14,85.56,83.87,84.71,1000000
2023-08-08,BBB,85.02,85.45,83.75,84.6,1000000
2023-08-09,BBB,83.17,83.59,81.93,82.76,1000000
2023-08-10,BBB,83.77,84.19,82.52,83.35,1000000
2023-08-11,BBB,83.56,83.98,82.32,83.15,1000000
2023-08-14,BBB,83.49,83.91,82.25,83.08,1000000
2023-08-15,BBB,82.69,83.1,81.46,82.28,1000000
2023-08-16,BBB,82.07,82.47,80.84,81.66,1000000
2023-08-17,BBB,82.28,82.69,81.05,81.87,1000000
2023-08-18,BBB,82.1,82.5,80.87,81.69,1000000
2023-08-21,BBB,82.23,82.63,81.0,81.82,1000000
2023-08-22,BBB,82.77,83.18,81.54,82.36,1000000
2023-08-23,BBB,83.02,83.43,81.78,82.6,1000000
2023-08-24,BBB,81.99,82.4,80.76,81.58,1000000
2023-08-25,BBB,81.42,81.83,80.21,81.02,1000000
2023-08-28,BBB,80.79,81.19,79.58,80.38,1000000
2023-08-29,BBB,80.26,80.66,79.07,79.86,1000000
2023-08-30,BBB,79.18,79.58,78.0,78.79,1000000
2023-08-31,BBB,78.13,78.52,76.96,77.74,1000000
2023-09-01,BBB,77.7,78.09,76.54,77.31,1000000
2023-09-04,BBB,77.34,77.73,76.19,76.96,1000000
2023-09-05,BBB,77.51,77.89,76.35,77.12,1000000
2023-09-06,BBB,77.28,77.66,76.12,76.89,1000000
2023-09-07,BBB,77.86,78.25,76.7,77.47,1000000
2023-09-08,BBB,76.93,77.31,75.78,76.55,1000000
2023-09-11,BBB,76.21,76.59,75.07,75.83,1000000
2023-09-12,BBB,76.25,76.63,75.11,75.87,1000000
2023-09-13,BBB,76.05,76.42,74.91,75.67,1000000
2023-09-14,BBB,75.52,75.89,74.39,75.14,1000000
2023-09-15,BBB,75.79,76.17,74.66,75.41,1000000
2023-09-18,BBB,76.21,76.59,75.07,75.83,1000000
2023-09-19,BBB,76.73,77.11,75.59,76.35,1000000
2023-09-20,BBB,76.47,76.85,75.33,76.09,1000000
2023-09-21,BBB,76.39,76.77,75.25,76.01,1000000
2023-09-22,BBB,76.42,76.8,75.28,76.04,1000000
2023-09-25,BBB,76.37,76.75,75.23,75.99,1000000
2023-09-26,BBB,76.76,77.14,75.61,76.37,1000000
2023-09-27,BBB,76.45,76.83,75.31,76.07,1000000
2023-09-28,BBB,76.54,76.92,75.4,76.16,1000000
2023-09-29,BBB,75.45,75.83,74.32,75.08,1000000
2023-10-02,BBB,75.72,76.09,74.59,75.34,1000000
2023-10-03,BBB,76.38,76.76,75.24,76.0,1000000
2023-10-04,BBB,76.3,76.67,75.16,75.92,1000000
2023-10-05,BBB,76.69,77.07,75.55,76.31,1000000
2023-10-06,BBB,75.85,76.23,74.72,75.47,1000000
2023-10-09,BBB,75.62,76.0,74.49,75.25,1000000
2023-10-10,BBB,74.85,75.22,73.73,74.47,1000000
2023-10-11,BBB,74.91,75.29,73.79,74.54,1000000
2023-10-12,BBB,75.07,75.45,73.95,74.7,1000000
2023-10-13,BBB,74.38,74.75,73.27,74.01,1000000
2023-10-16,BBB,74.1,74.47,73.0,73.74,1000000
2023-10-17,BBB,73.95,74.31,72.84,73.58,1000000
2023-10-18,BBB,75.12,75.5,74.0,74.75,1000000
2023-10-19,BBB,75.2,75.57,74.07,74.82,1000000
2023-10-20,BBB,75.35,75.73,74.23,74.98,1000000
2023-10-23,BBB,75.62,76.0,74.49,75.25,1000000
2023-10-24,BBB,75.86,76.24,74.73,75.49,1000000
2023-10-25,BBB,75.86,76.24,74.73,75.48,1000000
2023-10-26,BBB,75.36,75.73,74.23,74.98,1000000
2023-10-27,BBB,75.16,75.53,74.04,74.78,1000000
2023-10-30,BBB,76.0,76.38,74.86,75.62,1000000
2023-10-31,BBB,76.22,76.6,75.08,75.84,1000000
2023-11-01,BBB,76.16,76.54,75.02,75.78,1000000
2023-11-02,BBB,75.64,76.02,74.52,75.27,1000000
2023-11-03,BBB,75.72,76.1,74.59,75.35,1000000
2023-11-06,BBB,75.84,76.22,74.71,75.47,1000000
2023-11-07,BBB,75.65,76.03,74.52,75.28,1000000
2023-11-08,BBB,76.16,76.54,75.03,75.78,1000000
2023-11-09,BBB,76.0,76.38,74.87,75.62,1000000
2023-11-10,BBB,76.03,76.41,74.89,75.65,1000000
2023-11-13,BBB,76.52,76.9,75.38,76.14,1000000
2023-11-14,BBB,76.73,77.11,75.58,76.35,1000000
2023-11-15,BBB,77.35,77.74,76.2,76.97,1000000
2023-11-16,BBB,77.35,77.74,76.2,76.97,1000000
2023-11-17,BBB,77.26,77.64,76.11,76.88,1000000
2023-11-20,BBB,77.58,77.97,76.43,77.2,1000000
2023-11-21,BBB,77.79,78.18,76.63,77.41,1000000
2023-11-22,BBB,78.45,78.85,77.28,78.06,1000000
2023-11-23,BBB,78.76,79.15,77.58,78.36,1000000
2023-11-24,BBB,78.85,79.25,77.68,78.46,1000000
2023-11-27,BBB,79.18,79.57,77.99,78.78,1000000
2023-11-28,BBB,79.6,79.99,78.41,79.2,1000000
2023-11-29,BBB,79.17,79.57,77.99,78.78,1000000
2023-11-30,BBB,79.22,79.61,78.03,78.82,1000000
2023-12-01,BBB,79.17,79.56,77.99,78.77,1000000
2023-12-04,BBB,79.85,80.25,78.66,79.45,1000000
2023-12-05,BBB,79.73,80.12,78.54,79.33,1000000
2023-12-06,BBB,80.35,80.75,79.15,79.95,1000000
2023-12-07,BBB,79.85,80.25,78.66,79.45,1000000
2023-12-08,BBB,79.94,80.33,78.74,79.54,1000000
2023-12-11,BBB,80.56,80.96,79.36,80.16,1000000
2023-12-12,BBB,80.55,80.95,79.34,80.15,1000000
2023-12-13,BBB,81.22,81.62,80.0,80.81,1000000
2023-12-14,BBB,80.34,80.74,79.14,79.94,1000000
2023-12-15,BBB,80.47,80.87,79.27,80.07,1000000
2023-12-18,BBB,80.66,81.06,79.45,80.26,1000000
2023-12-19,BBB,80.71,81.11,79.51,80.31,1000000
2023-12-20,BBB,80.09,80.49,78.9,79.69,1000000
2023-12-21,BBB,80.53,80.93,79.32,80.12,1000000
2023-12-22,BBB,79.51,79.91,78.33,79.12,1000000
2023-12-25,BBB,80.08,80.47,78.88,79.68,1000000
2023-12-26,BBB,80.33,80.73,79.13,79.93,1000000
2023-12-27,BBB,80.92,81.32,79.71,80.51,1000000
2023-12-28,BBB,80.91,81.31,79.7,80.5,1000000
2023-12-29,BBB,80.48,80.88,79.28,80.08,1000000
